LAYER,P,R,F
0,0.25749525,0.2573355,0.25574756
1,0.32705924,0.32676396,0.3259461
2,0.3948546,0.39444658,0.39400318
3,0.37353218,0.37326,0.3727555
4,0.40359724,0.40326488,0.402877
5,0.50273615,0.50234073,0.50211596
6,0.5089314,0.5086513,0.5083372
7,0.47281617,0.4724911,0.4721551
8,0.4760624,0.4757873,0.47543192
9,0.49104717,0.49070883,0.49041948
10,0.48527616,0.48491594,0.4847094
11,0.42766362,0.4272024,0.42691776
12,0.3890542,0.3886027,0.38827258
